gdp_pct,Precipitation,Urban Population Percentage,elect_gross_demand,population
530,298.38,25,5976.3,35643420
4531,1113.15,59,7412.44,2879361
4135,78.24,72,68202,41136548
2283,1057.08,65,10454,30208634
14613,632.53,92,151981,44054616
4042,453.27,63,6291.58,2851929
53936,471.19,86,243095,24590336
47429,1271.81,58,69028.9,8797497
4147,399.9,55,22268.9,10071569
1816,2664.2,36,74069.3,161793968
5786,757.5,78,34994,9707874
44198,880.52,98,87659.1,11384491
1095,1031.61,47,1442.44,11596786
3241,1990.38,40,2017.65,756130
3280,1088.96,69,9120.4,11435535
5256,963.62,48,13132,3440025
6705,447.05,69,3870,2401848
9897,1656.21,86,617916,208504960
8366,760.61,75,34921.41,7182430
711,806.72,29,1675.4,19835860
1401,2028.18,23,8129.33,15830694
1480,1647.54,56,7905.7,24393182
45129,548.09,81,582353,36554344
663,362.22,23,291,15085893
15046,886.67,87,77014.3,18368582
8817,625.07,58,6081767,1410275968
6450,2641.82,80,75045.96,48351668
2089,1764.85,66,2632.57,5312347
12118,2775.22,79,11048.77,4993849
2076,1148.63,50,7491,24848024
13656,1028.21,57,18190.4,4192468
20636,706.03,74,65299.89,10531315
57610,958.44,88,33914.29,5737286
7408,2420.02,70,125.8,70422
7513,1554.27,80,18371.1,10647247
6246,2608.71,64,27456.52,16696947
2316,10.88,43,186979,101789384
3986,1695.22,71,6631.56,6266661
20438,788.71,69,8514.49,1317550
3824,864.49,24,1461.8,1151397
756,932.43,20,10882,108197944
46412,624.03,85,85044,5508146
38781,735.38,80,490569.43,64144092
6976,1921.62,89,2632.01,2140225
632,1029.44,61,305.31,2381189
4357,1005.97,58,12127.3,3771904
44653,814.74,77,558342,82624368
1999,1134.45,55,14119.4,30222266
18582,698.81,79,56716.22,10692230
4454,2098.7,51,10420.02,16578718
843,1690.61,36,1717.9,12240791
1384,1689.4,54,1040.93,10863546
2403,1695.22,56,9793.2,9626845
46160,2216.33,100,48205,7461508
14621,621.68,71,43606,9788940
1958,1157.12,34,1387839,1354195712
3840,3017.2,55,253927.66,264498848
5759,197.04,74,294839,84505080
4725,168.44,70,91787,39621156
69971,1174.26,63,29016.1,4771860
41115,123.71,92,59826.52,8309256
32407,669.65,70,320548.14,60004024
5273,2969.54,55,4342,2808388
38834,1500.21,92,1021252.95,126662464
4073,53.07,91,20273,10215384
9248,238.28,57,98831.92,18314822
1676,1058.57,27,10493.24,48948140
1243,487.49,36,14163,6121266
2439,2069.18,34,8826,6997925
15695,826.48,68,6958.98,1954861
8680,373.8,88,23904,6109255
1063,703.68,28,887.1,2170622
707,2303.94,51,488.4,4796632
10529,38.28,80,32585.26,6378267
16885,837.48,68,11871.5,2904452
9980,3262.68,75,158804,31975812
796,306.98,42,2666.39,19311356
28824,459.63,95,2463.89,479507
1635,97.41,53,1273,4160018
9434,795.08,80,309280.13,122839256
3510,518.09,43,4173,3180515
3708,183.57,68,6759.5,3096033
7803,1166.47,66,3484,632445
3289,221.87,62,38518.6,35528116
463,1131.29,35,15674.07,28569448
1175,2276.91,30,18642,52288344
5454,290.91,49,4583.56,2364540
1028,1285.71,19,7163,28183424
48675,859.07,91,116908.96,17207204
42925,1544.09,86,43108.88,4746253
2127,2418,58,4444,6480534
1942,1158.26,50,31292.71,193495904
5450,692.81,58,7195.88,2111982
75497,1266.85,82,131503,5277396
17803,46.82,84,35670.32,4541853
1568,268.3,36,120173,216379648
3620,201.97,79,6122.8,4700954
15186,2359.92,67,10501.4,4096071
2495,3097.21,13,4336,9114803
6136,1210.41,61,15555.13,6355406
6676,1624.73,78,52007.4,31605488
3077,3181.31,47,86091.6,106738496
13816,725.91,60,156420.86,38532816
21490,588.14,65,52761.11,10307528
31109,2301.09,94,15697.7,3366407
10728,649.58,54,55995.38,19698852
10720,502.86,74,1006486.61,145452544
757,1130.1,17,752.22,12230343
20138,98.34,84,345690.39,34193120
1385,741.82,47,4724,15157793
6293,699.58,56,34185.55,7464882
484,2657.04,42,316,7677570
17585,797.31,54,28279,5439418
23514,1545.1,54,14515.92,2098396
6734,431.76,66,227965,56641208
31617,992.12,81,540319.39,51511640
28185,479.59,80,270480,46584168
4401,1675.3,18,14667.9,21506816
3189,240.56,34,16309,40679820
6113,2324.12,66,1540,587566
53792,678.22,87,139954,10058191
82254,1268.49,74,63029.77,8451688
844,634.81,27,16603.7,8925529
976,937.3,33,7221,56267040
6437,1976.01,49,202210.13,70898208
814,1133.18,41,1496.21,7852799
4367,1580.7,23,64.56,105430
3570,267.94,69,20128,11811441
10464,536.38,75,283682.11,82089824
6355,141.9,51,17630,5968388
766,1402.79,23,3602.1,40127096
2638,526.29,69,138156,44657260
40621,1134.86,83,333627.84,66064808
59908,777.23,82,4113070.08,329791232
18770,1410.71,95,12554.7,3422205
1917,201.18,51,53873.82,31945680
2992,1888.86,35,192120,94033048
1496,1117.69,43,13788.12,17298056
1192,903.47,32,9619.33,14751101
